timestamp,tollID,tagRef,tagHomeID,charge
2022-06-03 14:58,EG35,NAOP0J43D5,NAO,1.0
2022-06-03 15:10,EG21,NORCBPLJD,NO,1.6
2022-06-03 15:10,NAO38,NAO5ZJA8DZ,NAO,2.5
2022-06-03 15:23,OO04,OOZSJ49IT,OO,2.4
2022-06-03 16:27,NAO15,NAO09SKDGI,NAO,2.5
2022-06-03 17:41,AM05,AMH9SDBDW,AM,3.6
2022-06-03 17:41,AM04,KOWKTAKPU,KO,2.2
2022-06-03 17:47,KO07,NAOURTP0LZ,NAO,1.85
2022-06-03 18:07,KO07,NAOURTP0LZ,NAO,1.85
2022-06-03 18:07,NAO06,OO7PZE9VI,OO,2.5
2022-06-03 18:09,NAO32,EG7UR23GD,EG,2.5
2022-06-03 18:17,EG36,EGC11ERTJ,EG,1.0
2022-06-03 18:50,NAO31,NAO09SKDGI,NAO,2.5
2022-06-03 18:52,NAO06,NAOHAFEYUH,NAO,2.5
2022-06-03 20:13,OO10,OOQ0OXFQ8,OO,2.5
2022-06-03 20:22,NAO14,NAONSM43D8,NAO,2.5
2022-06-03 20:54,NAO16,NAOBMYOFQE,NAO,2.5
2022-06-03 21:08,KO10,KOIXA11DP,KO,2.05
2022-06-03 21:22,EG38,GEL6246HI,GE,1.4
2022-06-03 21:37,EG29,AMH9SDBDW,AM,1.5
2022-06-03 21:38,EG12,EGSEIMVIH,EG,0.5
2022-06-03 21:44,KO06,NORCBPLJD,NO,1.9
2022-06-03 22:15,NO06,NOX6GVWRD,NO,3.25
2022-06-03 22:26,NO07,NOE1V2ISQ,NO,3.55
2022-06-03 23:06,NO09,NOE1V2ISQ,NO,4.2
2022-06-03 23:32,NAO20,AMH9SDBDW,AM,2.5
2022-06-03 23:36,EG28,EGIGQPKI7,EG,1.4
2022-06-04 00:09,NAO39,NAOP0J43D5,NAO,2.5
2022-06-04 00:29,AM10,AMHJ7XVG0,AM,3.1
2022-06-04 01:12,EG35,EGRHOCN9J,EG,1.0
2022-06-04 01:20,NAO30,NAONSM43D8,NAO,2.5
2022-06-04 01:27,NO01,NO7PTX63C,NO,3.85
2022-06-04 01:45,NAO40,NAO5ZJA8DZ,NAO,2.5
2022-06-04 01:49,AM05,AMHJ7XVG0,AM,3.6
2022-06-04 02:56,NAO41,EGUT0CVS4,EG,2.5
2022-06-04 03:39,AM02,EGRHOCN9J,EG,2.0
2022-06-04 04:02,GE02,GE5A0L725,GE,14.7
2022-06-04 04:19,NO14,NO7PTX63C,NO,4.15
2022-06-04 04:43,KO03,KOJDP0LVS,KO,2.95
2022-06-04 04:54,OO04,NOXFGCAQV,NO,2.4
2022-06-04 05:02,NAO38,NAO09SKDGI,NAO,2.5
2022-06-04 05:23,GE02,GEJA1WJ0T,GE,14.7
2022-06-04 05:33,NAO06,NOQLL8OS9,NO,2.5
2022-06-04 06:07,OO09,OO1B0Z3NX,OO,2.5
2022-06-04 06:45,NAO23,NAOHL1N13J,NAO,2.5
2022-06-04 07:08,NO09,EGRHOCN9J,EG,4.2
2022-06-04 08:15,NAO21,NAO5ZJA8DZ,NAO,2.5
2022-06-04 08:54,NAO20,NAOVZ41NAM,NAO,2.5
2022-06-04 09:08,NAO18,NOXFGCAQV,NO,2.5
2022-06-04 09:18,EG06,NAOBMYOFQE,NAO,1.7
2022-06-04 09:24,AM03,AMLJH75LX,AM,2.2
2022-06-04 09:45,KO05,KOJDP0LVS,KO,1.9
2022-06-04 11:01,EG05,EGYTJXEPQ,EG,1.7
2022-06-04 11:50,NO02,NOXFGCAQV,NO,3.85
2022-06-04 11:54,NAO20,NAO5UQPGB7,NAO,2.5
2022-06-04 12:20,KO09,NOXFGCAQV,NO,2.05
2022-06-04 12:39,NAO35,NAO09SKDGI,NAO,2.5
2022-06-04 12:42,EG36,NAONSM43D8,NAO,1.0
2022-06-04 13:26,KO01,KOWKTAKPU,KO,3.4
2022-06-04 14:20,OO04,NAOVZ41NAM,NAO,2.4
2022-06-04 15:08,EG17,OO3KKV9RF,OO,2.1
2022-06-04 15:35,NAO33,NAOP0J43D5,NAO,2.5
2022-06-04 16:27,NO12,NOXFGCAQV,NO,3.35
2022-06-04 16:47,OO03,OO3KKV9RF,OO,2.4
2022-06-04 16:47,NO03,NORCBPLJD,NO,3.25
2022-06-04 17:13,AM05,AMLJH75LX,AM,3.6
2022-06-04 17:14,AM03,AMNT3W5UZ,AM,2.2
2022-06-04 17:33,AM02,AMXAJI0Y6,AM,2.0
2022-06-04 17:56,NAO16,NAOHL1N13J,NAO,2.5
2022-06-04 18:01,OO06,OO1B0Z3NX,OO,3.5
2022-06-04 18:11,EG33,EGYTJXEPQ,EG,2.0
2022-06-04 18:37,NAO18,NAOHAFEYUH,NAO,2.5
2022-06-04 18:46,OO07,OO3KKV9RF,OO,1.9
2022-06-04 19:11,OO04,OO3KKV9RF,OO,2.4
2022-06-04 19:11,EG02,NAONSM43D8,NAO,3.0
2022-06-04 19:49,NO05,NORCBPLJD,NO,3.25
2022-06-04 20:23,OO04,OOZSJ49IT,OO,2.4
2022-06-04 20:37,OO07,NAONSM43D8,NAO,1.9
2022-06-04 21:56,AM08,EGYTJXEPQ,EG,2.8
2022-06-04 23:25,NAO03,EG9CHJ755,EG,2.5
2022-06-04 23:36,NAO07,AMV3A3ZMF,AM,2.5
2022-06-05 00:18,MO08,MOV86WZS3,MO,3.15
2022-06-05 00:30,OO06,OO1B0Z3NX,OO,3.5
2022-06-05 00:31,NAO06,NAOLY8OZCY,NAO,2.5
2022-06-05 00:51,AM09,NORCBPLJD,NO,3.1
2022-06-05 01:24,NAO36,EGVWPVS7H,EG,2.5
2022-06-05 01:48,AM04,AMH9SDBDW,AM,2.2
2022-06-05 02:07,NAO30,NAOP0J43D5,NAO,2.5
2022-06-05 02:27,EG18,EGC11ERTJ,EG,2.1
2022-06-05 02:33,EG11,EG9CHJ755,EG,0.5
2022-06-05 03:10,AM06,AMH9SDBDW,AM,3.6
2022-06-05 03:56,EG03,EGUT0CVS4,EG,1.2
2022-06-05 04:14,EG05,EGIGQPKI7,EG,1.7
2022-06-05 04:30,NO04,NO7PTX63C,NO,3.25
2022-06-05 04:42,OO06,NAOHL1N13J,NAO,3.5
2022-06-05 04:51,AM01,EGRHOCN9J,EG,2.0
2022-06-05 04:57,EG06,EGUT0CVS4,EG,1.7
2022-06-05 05:52,OO03,OOZSJ49IT,OO,2.4
2022-06-05 06:16,MO10,EG7UR23GD,EG,2.7
2022-06-05 06:23,EG01,NAO5UQPGB7,NAO,3.0
2022-06-05 06:40,AM07,AMLJH75LX,AM,2.8
2022-06-05 06:44,AM01,NAOP0J43D5,NAO,2.0
2022-06-05 06:48,NAO21,EGIGQPKI7,EG,2.5
2022-06-05 07:16,OO03,OOQ0OXFQ8,OO,2.4
2022-06-05 07:20,KO05,OO7PZE9VI,OO,1.9
2022-06-05 07:52,NAO08,NAOVZ41NAM,NAO,2.5
2022-06-05 07:58,NAO04,NAOP0J43D5,NAO,2.5
2022-06-05 08:04,NAO32,NAOHL1N13J,NAO,2.5
2022-06-05 08:37,EG01,EGRHOCN9J,EG,3.0
2022-06-05 08:39,NO09,NOE1V2ISQ,NO,4.2
2022-06-05 08:46,OO07,OO7PZE9VI,OO,1.9
2022-06-05 08:49,KO07,KOWKTAKPU,KO,1.85
2022-06-05 09:06,EG03,EG7UR23GD,EG,1.2
2022-06-05 10:38,NO06,NOE1V2ISQ,NO,3.25
2022-06-05 10:49,NAO40,NAO5ZJA8DZ,NAO,2.5
2022-06-05 10:50,NAO06,NAOLY8OZCY,NAO,2.5
2022-06-05 10:51,NAO01,NAONSM43D8,NAO,2.5
2022-06-05 10:59,MO08,MOJCKJLTE,MO,3.15
2022-06-05 11:15,EG06,NAOBMYOFQE,NAO,1.7
2022-06-05 11:19,EG10,EGC11ERTJ,EG,0.9
2022-06-05 11:20,EG18,EGIGQPKI7,EG,2.1
2022-06-05 11:36,NAO39,AMXAJI0Y6,AM,2.5
2022-06-05 11:58,NAO09,NAO5UQPGB7,NAO,2.5
2022-06-05 12:02,EG10,EGIGQPKI7,EG,0.9
2022-06-05 12:18,NAO40,NAO5ZJA8DZ,NAO,2.5
2022-06-05 12:21,KO09,KOJDP0LVS,KO,2.05
2022-06-05 12:32,NO06,NOX6GVWRD,NO,3.25
2022-06-05 13:33,OO06,EGC11ERTJ,EG,3.5
2022-06-05 14:16,NAO24,NAONSM43D8,NAO,2.5
2022-06-05 14:36,NAO08,NAOURTP0LZ,NAO,2.5
2022-06-05 15:00,EG34,EGC11ERTJ,EG,2.0
2022-06-05 15:17,KO09,KOWM31YIH,KO,2.05
2022-06-05 15:19,NAO29,OO3KKV9RF,OO,2.5
2022-06-05 15:34,NAO26,EGF1T2TAL,EG,2.5
2022-06-05 15:52,OO01,OO3KKV9RF,OO,2.3
2022-06-05 15:54,NO03,AMXAJI0Y6,AM,3.25
2022-06-05 15:56,NAO10,NAOLY8OZCY,NAO,2.5
2022-06-05 16:10,KO07,KONCXLL4Z,KO,1.85
2022-06-05 17:23,NO10,AMV3A3ZMF,AM,4.2
2022-06-05 18:05,EG03,EGUT0CVS4,EG,1.2
2022-06-05 18:27,NAO32,EG7UR23GD,EG,2.5
2022-06-05 18:30,NAO27,EG9CHJ755,EG,2.5
2022-06-05 18:42,EG01,EG9CHJ755,EG,3.0
2022-06-05 18:46,EG06,EGUT0CVS4,EG,1.7
2022-06-05 19:01,OO10,OO1B0Z3NX,OO,2.5
2022-06-05 19:15,AM04,AMH9SDBDW,AM,2.2
2022-06-05 19:38,EG09,NAOP0J43D5,NAO,0.9
2022-06-05 20:36,GE02,GE2IAGL58,GE,14.7
2022-06-05 20:41,EG19,KONCXLL4Z,KO,1.4
2022-06-05 20:59,NAO32,NAOLY8OZCY,NAO,2.5
2022-06-05 21:26,NO07,NO7PTX63C,NO,3.55
2022-06-05 21:37,EG12,EGSEIMVIH,EG,0.5
2022-06-05 21:59,OO10,OOQ0OXFQ8,OO,2.5
2022-06-05 21:59,NAO25,NAOHL1N13J,NAO,2.5
2022-06-05 22:08,NAO26,NAO09SKDGI,NAO,2.5
2022-06-05 23:02,NO14,NOX6GVWRD,NO,4.15
2022-06-05 23:38,NAO38,NAO09SKDGI,NAO,2.5
2022-06-06 00:52,KO02,OOZSJ49IT,OO,3.4
2022-06-06 00:58,NAO08,NAO5ZJA8DZ,NAO,2.5
2022-06-06 01:27,OO05,NO7PTX63C,NO,3.5
2022-06-06 01:29,EG19,EGYTJXEPQ,EG,1.4
2022-06-06 01:31,NO10,KOWKTAKPU,KO,4.2
2022-06-06 01:38,NAO36,NAO5UQPGB7,NAO,2.5
2022-06-06 01:43,NAO26,NAOHAFEYUH,NAO,2.5
2022-06-06 02:18,EG08,AMXAJI0Y6,AM,1.8
2022-06-06 02:41,EG34,AMLJH75LX,AM,2.0
2022-06-06 02:51,NO07,NOQLL8OS9,NO,3.55
2022-06-06 04:03,NAO31,GEL6246HI,GE,2.5
2022-06-06 04:04,NO07,NAOP0J43D5,NAO,3.55
2022-06-06 04:34,AM07,NAO5UQPGB7,NAO,2.8
2022-06-06 04:34,KO07,KOJDP0LVS,KO,1.85
2022-06-06 04:36,EG11,EG9CHJ755,EG,0.5
2022-06-06 05:05,KO07,AMXAJI0Y6,AM,1.85
2022-06-06 05:11,AM07,AMLJH75LX,AM,2.8
2022-06-06 05:28,NAO11,NAO5UQPGB7,NAO,2.5
2022-06-06 06:07,EG10,EGYTJXEPQ,EG,0.9
2022-06-06 06:23,EG06,EGUT0CVS4,EG,1.7
2022-06-06 06:29,NAO12,NAOURTP0LZ,NAO,2.5
2022-06-06 06:33,AM02,AMNT3W5UZ,AM,2.0
2022-06-06 07:28,AM01,EGRHOCN9J,EG,2.0
2022-06-06 07:46,OO01,OOZSJ49IT,OO,2.3
2022-06-06 08:11,EG08,EGRHOCN9J,EG,1.8
2022-06-06 08:32,OO08,OOZSJ49IT,OO,1.9
2022-06-06 08:45,KO01,NAOP0J43D5,NAO,3.4
2022-06-06 08:50,NAO32,NAOLY8OZCY,NAO,2.5
2022-06-06 09:19,NAO40,NAONSM43D8,NAO,2.5
2022-06-06 09:35,KO10,KOJDP0LVS,KO,2.05
2022-06-06 09:41,NAO21,NAO5ZJA8DZ,NAO,2.5
2022-06-06 10:21,NAO04,KOIXA11DP,KO,2.5
2022-06-06 10:39,EG28,EGIGQPKI7,EG,1.4
2022-06-06 10:48,NAO32,NAO5UQPGB7,NAO,2.5
2022-06-06 10:57,EG14,AMH9SDBDW,AM,1.2
2022-06-06 11:02,NAO16,EGIGQPKI7,EG,2.5
2022-06-06 11:51,EG29,EGC11ERTJ,EG,1.5
2022-06-06 12:04,EG32,EGC11ERTJ,EG,1.4
2022-06-06 12:10,NAO37,AMNT3W5UZ,AM,2.5
2022-06-06 12:33,EG19,EG9CHJ755,EG,1.4
2022-06-06 12:37,NO07,NOE1V2ISQ,NO,3.55
2022-06-06 13:04,OO08,OOZSJ49IT,OO,1.9
2022-06-06 13:44,EG28,NAOBMYOFQE,NAO,1.4
2022-06-06 13:49,NAO24,NAOHL1N13J,NAO,2.5
2022-06-06 14:27,NAO26,NAOHAFEYUH,NAO,2.5
2022-06-06 15:03,KO09,KOJDP0LVS,KO,2.05
2022-06-06 15:03,OO09,EGVWPVS7H,EG,2.5
2022-06-06 15:38,EG07,EGUT0CVS4,EG,1.8
2022-06-06 15:41,NAO22,NAOVZ41NAM,NAO,2.5
2022-06-06 17:16,NAO07,NAOVZ41NAM,NAO,2.5
2022-06-06 17:35,MO08,NAOLY8OZCY,NAO,3.15
2022-06-06 17:45,NO10,OO1B0Z3NX,OO,4.2
2022-06-06 18:30,NAO39,AMXAJI0Y6,AM,2.5
2022-06-06 18:42,NO10,NOX6GVWRD,NO,4.2
2022-06-06 18:52,AM06,AMXAJI0Y6,AM,3.6
2022-06-06 18:59,KO05,KOWM31YIH,KO,1.9
2022-06-06 19:07,NO04,KOIXA11DP,KO,3.25
2022-06-06 19:26,NO10,OOQ0OXFQ8,OO,4.2
2022-06-06 19:34,NO05,NO7PTX63C,NO,3.25
2022-06-06 19:41,AM05,AMV3A3ZMF,AM,3.6
2022-06-06 20:22,NO07,EGF1T2TAL,EG,3.55
2022-06-06 20:47,NAO16,NAOHL1N13J,NAO,2.5
2022-06-06 21:11,EG31,EGC11ERTJ,EG,1.4
2022-06-06 21:17,GE02,NOXFGCAQV,NO,14.7
2022-06-06 21:31,NAO32,EG7UR23GD,EG,2.5
2022-06-06 21:47,AM01,NOE1V2ISQ,NO,2.0
2022-06-06 21:59,OO05,OO3KKV9RF,OO,3.5
2022-06-06 22:24,NAO28,NAOHAFEYUH,NAO,2.5
2022-06-06 22:38,OO03,OO3KKV9RF,OO,2.4
2022-06-06 22:51,OO07,EGC11ERTJ,EG,1.9
2022-06-07 00:27,NAO27,NAO5UQPGB7,NAO,2.5
2022-06-07 01:01,NO05,KONCXLL4Z,KO,3.25
2022-06-07 01:06,EG21,NORCBPLJD,NO,1.6
2022-06-07 01:51,EG10,EGSEIMVIH,EG,0.9
2022-06-07 03:40,AM04,NAOHL1N13J,NAO,2.2
2022-06-07 03:42,EG09,AMXAJI0Y6,AM,0.9
2022-06-07 04:04,NO01,NOX6GVWRD,NO,3.85
2022-06-07 04:43,KO02,EGIGQPKI7,EG,3.4
2022-06-07 04:45,NAO31,NAOURTP0LZ,NAO,2.5
2022-06-07 04:52,NAO14,NAO5ZJA8DZ,NAO,2.5
2022-06-07 05:00,EG18,NAO5ZJA8DZ,NAO,2.1
2022-06-07 05:13,EG29,EGYTJXEPQ,EG,1.5
2022-06-07 05:15,EG08,EGVWPVS7H,EG,1.8
2022-06-07 05:26,NO02,NO7PTX63C,NO,3.85
2022-06-07 05:39,AM05,KONCXLL4Z,KO,3.6
2022-06-07 06:10,AM01,OO7PZE9VI,OO,2.0
2022-06-07 06:57,NAO09,NOX6GVWRD,NO,2.5
2022-06-07 06:57,MO06,MOJCKJLTE,MO,2.6
2022-06-07 06:58,NAO30,EGVWPVS7H,EG,2.5
2022-06-07 07:04,NAO32,NAOHAFEYUH,NAO,2.5
2022-06-07 07:11,NO02,NOX6GVWRD,NO,3.85
2022-06-07 07:23,OO05,OO3KKV9RF,OO,3.5
2022-06-07 07:51,EG04,OOZSJ49IT,OO,1.2
2022-06-07 07:56,EG20,EGIGQPKI7,EG,1.4
2022-06-07 08:02,GE02,KOWKTAKPU,KO,14.7
2022-06-07 08:07,NAO08,AMNT3W5UZ,AM,2.5
2022-06-07 08:11,NO04,NO7PTX63C,NO,3.25
2022-06-07 08:18,GE01,GEX7EEDTJ,GE,14.7
2022-06-07 08:58,AM06,AMLJH75LX,AM,3.6
2022-06-07 09:05,NAO12,NAO5UQPGB7,NAO,2.5
2022-06-07 09:29,NAO39,AMNT3W5UZ,AM,2.5
2022-06-07 09:56,NO10,KOWKTAKPU,KO,4.2
2022-06-07 10:26,KO09,KOJDP0LVS,KO,2.05
2022-06-07 10:39,OO08,OOZSJ49IT,OO,1.9
2022-06-07 10:40,NAO07,NAO09SKDGI,NAO,2.5
2022-06-07 11:37,NAO36,EGVWPVS7H,EG,2.5
2022-06-07 11:44,NO06,NOXFGCAQV,NO,3.25
2022-06-07 12:06,NO14,EG9CHJ755,EG,4.15
2022-06-07 13:51,MO03,OOZSJ49IT,OO,2.1
2022-06-07 14:05,NAO38,NAOHAFEYUH,NAO,2.5
2022-06-07 14:23,NO02,NOXFGCAQV,NO,3.85
2022-06-07 15:23,EG09,AMXAJI0Y6,AM,0.9
2022-06-07 15:30,OO06,OOQ0OXFQ8,OO,3.5
2022-06-07 15:56,KO02,KOWM31YIH,KO,3.4
2022-06-07 16:01,GE02,GE5A0L725,GE,14.7
2022-06-07 16:20,NO07,NO7PTX63C,NO,3.55
2022-06-07 16:49,NAO36,NAO5UQPGB7,NAO,2.5
2022-06-07 16:56,AM09,NAO09SKDGI,NAO,3.1
2022-06-07 17:04,NO03,AMXAJI0Y6,AM,3.25
2022-06-07 17:09,KO04,KOIXA11DP,KO,2.95
2022-06-07 17:49,EG29,EGYTJXEPQ,EG,1.5
2022-06-07 17:53,EG35,EGRHOCN9J,EG,1.0
2022-06-07 17:56,EG11,OO1B0Z3NX,OO,0.5
2022-06-07 19:33,NAO12,NAO5UQPGB7,NAO,2.5
2022-06-07 19:41,AM03,AMNT3W5UZ,AM,2.2
2022-06-07 19:44,EG19,EG9CHJ755,EG,1.4
2022-06-07 19:58,KO02,EGIGQPKI7,EG,3.4
2022-06-07 20:01,AM05,AMXAJI0Y6,AM,3.6
2022-06-07 20:02,EG37,EGUT0CVS4,EG,1.4
2022-06-07 20:38,OO10,OOQ0OXFQ8,OO,2.5
2022-06-07 20:58,NO02,NOXFGCAQV,NO,3.85
2022-06-07 21:12,NAO32,NAO5UQPGB7,NAO,2.5
2022-06-07 22:37,NO11,NOXFGCAQV,NO,3.35
2022-06-07 23:21,NAO32,NAOHL1N13J,NAO,2.5
2022-06-07 23:44,EG05,EGYTJXEPQ,EG,1.7
2022-06-07 23:55,NAO31,GEL6246HI,GE,2.5
2022-06-07 23:55,KO03,KONCXLL4Z,KO,2.95
2022-06-08 00:51,NAO26,NAO09SKDGI,NAO,2.5
2022-06-08 01:29,NAO11,EGSEIMVIH,EG,2.5
2022-06-08 01:30,EG33,EGIGQPKI7,EG,2.0
2022-06-08 01:56,EG02,NAONSM43D8,NAO,3.0
2022-06-08 02:11,OO08,OOQ0OXFQ8,OO,1.9
2022-06-08 03:02,NAO26,EGF1T2TAL,EG,2.5
2022-06-08 03:07,KO07,KOJDP0LVS,KO,1.85
2022-06-08 03:23,MO03,OOZSJ49IT,OO,2.1
2022-06-08 03:46,AM06,AMXAJI0Y6,AM,3.6
2022-06-08 04:06,AM05,AMLJH75LX,AM,3.6
2022-06-08 04:24,NO10,KOIXA11DP,KO,4.2
2022-06-08 04:37,NAO22,NAO5ZJA8DZ,NAO,2.5
2022-06-08 04:39,NAO07,NAO5ZJA8DZ,NAO,2.5
2022-06-08 04:42,EG07,EGVWPVS7H,EG,1.8
2022-06-08 04:46,EG29,EGC11ERTJ,EG,1.5
2022-06-08 04:54,NO11,NOQLL8OS9,NO,3.35
2022-06-08 05:11,EG09,EG9CHJ755,EG,0.9
2022-06-08 05:16,NAO11,NAO5UQPGB7,NAO,2.5
2022-06-08 05:47,NAO23,NAO09SKDGI,NAO,2.5
2022-06-08 05:56,EG29,EG7UR23GD,EG,1.5
2022-06-08 06:06,OO01,OO7PZE9VI,OO,2.3
2022-06-08 06:17,EG36,MOV86WZS3,MO,1.0
2022-06-08 06:18,MO09,EGF1T2TAL,EG,2.7
2022-06-08 07:17,EG31,EGYTJXEPQ,EG,1.4
2022-06-08 07:32,EG37,KOJDP0LVS,KO,1.4
2022-06-08 08:09,EG29,EGF1T2TAL,EG,1.5
2022-06-08 08:21,NAO30,NAO5ZJA8DZ,NAO,2.5
2022-06-08 08:27,KO01,OO3KKV9RF,OO,3.4
2022-06-08 08:46,OO02,OO1B0Z3NX,OO,2.3
2022-06-08 08:51,EG31,EGC11ERTJ,EG,1.4
2022-06-08 09:23,EG34,EGUT0CVS4,EG,2.0
2022-06-08 09:34,EG21,AMXAJI0Y6,AM,1.6
2022-06-08 09:57,KO09,KOJDP0LVS,KO,2.05
2022-06-08 10:08,NAO26,EGF1T2TAL,EG,2.5
2022-06-08 10:11,KO09,KOWM31YIH,KO,2.05
2022-06-08 11:21,OO08,MOJCKJLTE,MO,1.9
2022-06-08 11:49,NAO15,NAOBMYOFQE,NAO,2.5
2022-06-08 12:28,EG12,EGC11ERTJ,EG,0.5
2022-06-08 13:08,NO06,NORCBPLJD,NO,3.25
2022-06-08 13:46,OO03,OOZSJ49IT,OO,2.4
2022-06-08 13:54,NAO37,NAO09SKDGI,NAO,2.5
2022-06-08 14:37,EG32,NAOBMYOFQE,NAO,1.4
2022-06-08 14:47,AM10,AMNT3W5UZ,AM,3.1
2022-06-08 14:47,AM08,AMLJH75LX,AM,2.8
2022-06-08 14:56,EG14,AMH9SDBDW,AM,1.2
2022-06-08 15:22,EG17,OO3KKV9RF,OO,2.1
2022-06-08 15:51,KO01,KOJDP0LVS,KO,3.4
2022-06-08 16:09,NAO07,NAOP0J43D5,NAO,2.5
2022-06-08 16:10,NO12,NOQLL8OS9,NO,3.35
2022-06-08 17:55,NAO30,EGUT0CVS4,EG,2.5
2022-06-08 18:26,KO03,AMNT3W5UZ,AM,2.95
2022-06-08 19:00,KO04,KOWKTAKPU,KO,2.95
2022-06-08 19:24,EG23,EG7UR23GD,EG,1.4
2022-06-08 20:13,NAO32,NAOP0J43D5,NAO,2.5
2022-06-08 20:21,NO12,NOXFGCAQV,NO,3.35
2022-06-08 20:55,EG38,EGUT0CVS4,EG,1.4
2022-06-08 21:03,KO01,KOWKTAKPU,KO,3.4
2022-06-08 21:26,AM05,NAONSM43D8,NAO,3.6
2022-06-08 21:27,EG05,EG7UR23GD,EG,1.7
2022-06-08 21:44,NAO29,NAO5UQPGB7,NAO,2.5
2022-06-08 21:59,NAO30,NAOP0J43D5,NAO,2.5
2022-06-08 22:22,NAO06,NAOLY8OZCY,NAO,2.5
2022-06-08 22:29,NO07,NOE1V2ISQ,NO,3.55
2022-06-08 22:49,NAO36,NAO5UQPGB7,NAO,2.5
2022-06-08 22:50,NAO32,NAOLY8OZCY,NAO,2.5
2022-06-08 23:14,NAO17,NAONSM43D8,NAO,2.5
2022-06-08 23:30,OO10,OOQ0OXFQ8,OO,2.5
2022-06-08 23:41,EG12,EGC11ERTJ,EG,0.5
2022-06-09 00:27,NAO26,NAOHAFEYUH,NAO,2.5
2022-06-09 00:36,NAO37,AMNT3W5UZ,AM,2.5
2022-06-09 00:38,NAO39,NAOP0J43D5,NAO,2.5
2022-06-09 00:40,AM08,EGYTJXEPQ,EG,2.8
2022-06-09 00:59,OO03,NAOVZ41NAM,NAO,2.4
2022-06-09 01:45,NO02,NOXFGCAQV,NO,3.85
2022-06-09 03:12,MO09,AMV3A3ZMF,AM,2.7
2022-06-09 03:21,EG29,AMH9SDBDW,AM,1.5
2022-06-09 04:21,NAO22,NAOHL1N13J,NAO,2.5
2022-06-09 04:43,EG25,EGVWPVS7H,EG,1.8
2022-06-09 04:57,OO08,OOQ0OXFQ8,OO,1.9
2022-06-09 05:13,AM06,AMXAJI0Y6,AM,3.6
2022-06-09 05:25,EG07,EGUT0CVS4,EG,1.8
2022-06-09 05:27,GE01,GEX7EEDTJ,GE,14.7
2022-06-09 05:30,NAO38,NAO5ZJA8DZ,NAO,2.5
2022-06-09 05:35,NAO30,NAOHAFEYUH,NAO,2.5
2022-06-09 06:36,NO05,KOWKTAKPU,KO,3.25
2022-06-09 06:42,NO04,NOX6GVWRD,NO,3.25
2022-06-09 07:28,OO01,OO3KKV9RF,OO,2.3
2022-06-09 07:30,EG34,EGC11ERTJ,EG,2.0
2022-06-09 07:48,MO10,EG9CHJ755,EG,2.7
2022-06-09 08:29,AM05,NAOHAFEYUH,NAO,3.6
2022-06-09 08:39,OO07,OO7PZE9VI,OO,1.9
2022-06-09 08:47,OO05,NO7PTX63C,NO,3.5
2022-06-09 08:56,MO09,EGF1T2TAL,EG,2.7
2022-06-09 08:59,NAO18,EGF1T2TAL,EG,2.5
2022-06-09 09:11,KO10,KOIXA11DP,KO,2.05
2022-06-09 09:22,OO01,NORCBPLJD,NO,2.3
2022-06-09 09:37,OO01,NORCBPLJD,NO,2.3
2022-06-09 10:53,GE02,EGVWPVS7H,EG,14.7
2022-06-09 11:21,NAO37,NAO09SKDGI,NAO,2.5
2022-06-09 11:25,AM10,AMXAJI0Y6,AM,3.1
2022-06-09 11:30,MO04,MOV86WZS3,MO,2.1
2022-06-09 11:42,NAO08,NAO5ZJA8DZ,NAO,2.5
2022-06-09 12:06,EG09,EGYTJXEPQ,EG,0.9
2022-06-09 12:31,NAO26,NAO09SKDGI,NAO,2.5
2022-06-09 12:32,EG06,OOQ0OXFQ8,OO,1.7
2022-06-09 12:35,OO03,OOZSJ49IT,OO,2.4
2022-06-09 12:57,AM01,AMXAJI0Y6,AM,2.0
2022-06-09 12:58,AM06,AMNT3W5UZ,AM,3.6
2022-06-09 13:52,NAO35,NAO5ZJA8DZ,NAO,2.5
2022-06-09 14:01,EG37,EGVWPVS7H,EG,1.4
2022-06-09 14:55,AM06,AMNT3W5UZ,AM,3.6
2022-06-09 15:05,EG29,EGC11ERTJ,EG,1.5
2022-06-09 15:19,EG38,GEL6246HI,GE,1.4
2022-06-09 15:21,EG20,NAOBMYOFQE,NAO,1.4
2022-06-09 15:42,OO03,KOWM31YIH,KO,2.4
2022-06-09 15:45,KO08,KOWM31YIH,KO,1.85
2022-06-09 16:47,AM04,AMH9SDBDW,AM,2.2
2022-06-09 17:17,KO05,KOWKTAKPU,KO,1.9
2022-06-09 17:19,OO02,NAO09SKDGI,NAO,2.3
2022-06-09 17:25,EG35,EGRHOCN9J,EG,1.0
2022-06-09 17:37,NO05,OO1B0Z3NX,OO,3.25
2022-06-09 17:48,KO04,KONCXLL4Z,KO,2.95
2022-06-09 17:54,NAO39,EGIGQPKI7,EG,2.5
2022-06-09 18:15,EG13,EGVWPVS7H,EG,1.2
2022-06-09 18:34,NO14,NO7PTX63C,NO,4.15
2022-06-09 18:40,AM07,AMLJH75LX,AM,2.8
2022-06-09 18:47,NO10,NOXFGCAQV,NO,4.2
2022-06-09 19:01,NAO08,NAOHL1N13J,NAO,2.5
2022-06-09 19:19,NAO12,NAO5UQPGB7,NAO,2.5
2022-06-09 19:20,NAO36,AMHJ7XVG0,AM,2.5
2022-06-09 20:14,MO01,MOV86WZS3,MO,1.35
2022-06-09 21:00,EG29,EGYTJXEPQ,EG,1.5
2022-06-09 21:06,NAO37,NAOURTP0LZ,NAO,2.5
2022-06-09 21:16,AM01,NAOLY8OZCY,NAO,2.0
2022-06-09 21:24,OO03,KOWM31YIH,KO,2.4
2022-06-09 21:37,OO03,KOWM31YIH,KO,2.4
2022-06-09 21:51,OO02,OO3KKV9RF,OO,2.3
2022-06-09 22:12,EG29,EGF1T2TAL,EG,1.5
2022-06-09 22:20,KO07,KOJDP0LVS,KO,1.85
2022-06-09 22:23,OO04,NAOVZ41NAM,NAO,2.4
2022-06-09 22:33,OO10,OOQ0OXFQ8,OO,2.5
2022-06-09 22:44,NAO37,NAOBMYOFQE,NAO,2.5
2022-06-09 23:18,EG20,EGSEIMVIH,EG,1.4
2022-06-09 23:20,AM03,AMH9SDBDW,AM,2.2
2022-06-09 23:31,OO06,EG9CHJ755,EG,3.5
2022-06-09 23:46,EG32,EGF1T2TAL,EG,1.4
2022-06-10 00:04,NAO38,NAONSM43D8,NAO,2.5
2022-06-10 00:10,AM05,AMXAJI0Y6,AM,3.6
2022-06-10 00:26,OO07,OO7PZE9VI,OO,1.9
2022-06-10 00:30,NAO33,NAOURTP0LZ,NAO,2.5
2022-06-10 00:31,OO04,OO7PZE9VI,OO,2.4
2022-06-10 00:33,EG08,EGVWPVS7H,EG,1.8
2022-06-10 00:42,EG22,EGVWPVS7H,EG,1.6
2022-06-10 01:33,KO03,OO1B0Z3NX,OO,2.95
2022-06-10 01:44,NAO21,NAOHL1N13J,NAO,2.5
2022-06-10 02:06,OO08,NAOHL1N13J,NAO,1.9
2022-06-10 02:54,NAO35,NAO5ZJA8DZ,NAO,2.5
2022-06-10 03:03,EG07,AMH9SDBDW,AM,1.8
2022-06-10 04:23,NAO09,NAO5UQPGB7,NAO,2.5
2022-06-10 04:47,AM09,NAO09SKDGI,NAO,3.1
2022-06-10 05:07,NAO31,OO7PZE9VI,OO,2.5
2022-06-10 06:08,NAO41,NAOP0J43D5,NAO,2.5
2022-06-10 06:38,KO08,KONCXLL4Z,KO,1.85
2022-06-10 06:54,AM06,AMLJH75LX,AM,3.6
2022-06-10 07:04,KO09,NAO5ZJA8DZ,NAO,2.05
2022-06-10 07:53,NO02,NOXFGCAQV,NO,3.85
2022-06-10 08:00,NAO29,NO7PTX63C,NO,2.5
2022-06-10 08:02,NO02,NOXFGCAQV,NO,3.85
2022-06-10 08:26,EG06,EGVWPVS7H,EG,1.7
2022-06-10 09:07,NAO29,NAO5UQPGB7,NAO,2.5
2022-06-10 10:07,EG28,EGIGQPKI7,EG,1.4
2022-06-10 10:27,AM09,NORCBPLJD,NO,3.1
2022-06-10 11:09,KO08,KOJDP0LVS,KO,1.85
2022-06-10 11:29,KO03,AMNT3W5UZ,AM,2.95
2022-06-10 11:44,NO10,KOWKTAKPU,KO,4.2
2022-06-10 11:50,OO08,NAOHL1N13J,NAO,1.9
2022-06-10 12:03,NAO11,NAOLY8OZCY,NAO,2.5
2022-06-10 12:27,EG36,OO1B0Z3NX,OO,1.0
2022-06-10 12:31,OO08,OO3KKV9RF,OO,1.9
2022-06-10 12:44,MO05,MOJCKJLTE,MO,2.6
2022-06-10 12:56,OO07,OOQ0OXFQ8,OO,1.9
2022-06-10 13:37,AM03,AMLJH75LX,AM,2.2
2022-06-10 14:00,OO06,KOJDP0LVS,KO,3.5
2022-06-10 14:20,NAO09,EGRHOCN9J,EG,2.5
2022-06-10 14:27,MO10,EG7UR23GD,EG,2.7
2022-06-10 15:12,NAO12,NAOBMYOFQE,NAO,2.5
2022-06-10 15:12,AM08,OO7PZE9VI,OO,2.8
2022-06-10 15:55,NAO32,NAOHL1N13J,NAO,2.5
2022-06-10 16:01,AM08,AMNT3W5UZ,AM,2.8
2022-06-10 16:18,NAO37,NAOBMYOFQE,NAO,2.5
2022-06-10 16:25,NAO17,NAOBMYOFQE,NAO,2.5
2022-06-10 17:01,NO07,AMV3A3ZMF,AM,3.55
2022-06-10 17:06,NAO37,NAOBMYOFQE,NAO,2.5
2022-06-10 17:19,OO01,OOZSJ49IT,OO,2.3
2022-06-10 17:27,EG26,EG7UR23GD,EG,1.8
2022-06-10 18:11,MO08,MOJCKJLTE,MO,3.15
2022-06-10 18:53,EG37,EGRHOCN9J,EG,1.4
2022-06-10 19:04,NAO21,EGIGQPKI7,EG,2.5
2022-06-10 20:16,EG08,EGVWPVS7H,EG,1.8
2022-06-10 20:38,OO05,AMHJ7XVG0,AM,3.5
2022-06-10 20:54,NO10,NAOP0J43D5,NAO,4.2
2022-06-10 21:22,AM06,AMLJH75LX,AM,3.6
2022-06-10 21:55,EG11,EGC11ERTJ,EG,0.5
2022-06-10 22:01,AM04,EGYTJXEPQ,EG,2.2
2022-06-10 22:01,NAO18,NOXFGCAQV,NO,2.5
2022-06-10 22:52,EG11,EGIGQPKI7,EG,0.5
2022-06-10 23:44,NO11,NAOBMYOFQE,NAO,3.35
2022-06-10 23:47,OO01,OOZSJ49IT,OO,2.3
2022-06-11 00:11,EG29,EG7UR23GD,EG,1.5
2022-06-11 00:40,NO01,NOE1V2ISQ,NO,3.85
2022-06-11 01:43,NAO09,NAO5UQPGB7,NAO,2.5
2022-06-11 01:49,AM06,EG7UR23GD,EG,3.6
2022-06-11 02:00,EG37,EGUT0CVS4,EG,1.4
2022-06-11 02:04,NO12,AMXAJI0Y6,AM,3.35
2022-06-11 02:35,AM06,AMXAJI0Y6,AM,3.6
2022-06-11 03:35,AM03,EGSEIMVIH,EG,2.2
2022-06-11 03:45,NAO14,NAO5ZJA8DZ,NAO,2.5
2022-06-11 03:51,NO09,NAOBMYOFQE,NAO,4.2
2022-06-11 03:58,MO09,MOV86WZS3,MO,2.7
2022-06-11 04:01,AM08,AMNT3W5UZ,AM,2.8
2022-06-11 04:10,NAO33,NAOHL1N13J,NAO,2.5
2022-06-11 04:18,AM02,AMH9SDBDW,AM,2.0
2022-06-11 05:19,NO14,OO1B0Z3NX,OO,4.15
2022-06-11 05:20,NAO13,NAOP0J43D5,NAO,2.5
2022-06-11 05:21,NAO30,NAOHAFEYUH,NAO,2.5
2022-06-11 05:23,KO07,NAOP0J43D5,NAO,1.85
2022-06-11 05:54,NO09,NAOHL1N13J,NAO,4.2
2022-06-11 05:55,EG06,EGUT0CVS4,EG,1.7
2022-06-11 06:00,AM05,AMH9SDBDW,AM,3.6
2022-06-11 06:14,AM06,EGVWPVS7H,EG,3.6
2022-06-11 06:22,AM05,AMV3A3ZMF,AM,3.6
2022-06-11 06:43,EG04,EGYTJXEPQ,EG,1.2
2022-06-11 06:51,NAO20,NAO5UQPGB7,NAO,2.5
2022-06-11 07:04,EG34,NAOBMYOFQE,NAO,2.0
2022-06-11 07:42,EG21,EGYTJXEPQ,EG,1.6
2022-06-11 07:51,NAO06,NAOHAFEYUH,NAO,2.5
2022-06-11 08:07,AM06,AMHJ7XVG0,AM,3.6
2022-06-11 08:23,OO10,OOQ0OXFQ8,OO,2.5
2022-06-11 09:23,EG01,EGRHOCN9J,EG,3.0
2022-06-11 09:55,NAO25,OOQ0OXFQ8,OO,2.5
2022-06-11 09:58,MO08,MOJCKJLTE,MO,3.15
2022-06-11 10:01,NO11,NOQLL8OS9,NO,3.35
2022-06-11 11:17,OO08,OOZSJ49IT,OO,1.9
2022-06-11 11:48,KO10,KONCXLL4Z,KO,2.05
2022-06-11 12:04,NAO37,AMNT3W5UZ,AM,2.5
2022-06-11 12:15,OO08,EGIGQPKI7,EG,1.9
2022-06-11 12:29,KO07,KONCXLL4Z,KO,1.85
2022-06-11 12:55,NAO22,NAO5ZJA8DZ,NAO,2.5
2022-06-11 13:09,NO07,AMV3A3ZMF,AM,3.55
2022-06-11 13:15,KO07,NAOP0J43D5,NAO,1.85
2022-06-11 13:21,NAO38,NAO09SKDGI,NAO,2.5
2022-06-11 13:47,NO14,NO7PTX63C,NO,4.15
2022-06-11 14:00,KO01,NAOP0J43D5,NAO,3.4
2022-06-11 14:05,NAO31,OO7PZE9VI,OO,2.5
2022-06-11 14:14,EG37,NOE1V2ISQ,NO,1.4
2022-06-11 14:27,MO01,MOV86WZS3,MO,1.35
2022-06-11 14:53,OO01,OO3KKV9RF,OO,2.3
2022-06-11 15:08,NO01,NOXFGCAQV,NO,3.85
2022-06-11 15:18,EG19,KONCXLL4Z,KO,1.4
2022-06-11 16:03,NO09,NORCBPLJD,NO,4.2
2022-06-11 16:58,NO02,EGC11ERTJ,EG,3.85
2022-06-11 17:18,KO04,NAOURTP0LZ,NAO,2.95
2022-06-11 17:37,OO10,OO7PZE9VI,OO,2.5
2022-06-11 17:39,KO01,KOIXA11DP,KO,3.4
2022-06-11 18:05,OO03,OOZSJ49IT,OO,2.4
2022-06-11 18:08,GE02,AMNT3W5UZ,AM,14.7
2022-06-11 18:56,EG15,EGF1T2TAL,EG,1.2
2022-06-11 19:04,EG18,EGIGQPKI7,EG,2.1
2022-06-11 19:33,NAO15,OO3KKV9RF,OO,2.5
2022-06-11 20:05,NAO37,AMNT3W5UZ,AM,2.5
2022-06-11 20:52,NAO06,NAOLY8OZCY,NAO,2.5
2022-06-11 21:07,NAO01,NAOLY8OZCY,NAO,2.5
2022-06-11 21:59,OO04,OOZSJ49IT,OO,2.4
2022-06-11 22:03,AM07,AMV3A3ZMF,AM,2.8
2022-06-11 22:27,OO02,OO3KKV9RF,OO,2.3
2022-06-11 22:53,KO01,KOIXA11DP,KO,3.4
2022-06-11 22:59,NAO32,NAO5UQPGB7,NAO,2.5
2022-06-11 23:04,EG34,EGC11ERTJ,EG,2.0
2022-06-11 23:20,MO05,MOJCKJLTE,MO,2.6
2022-06-11 23:57,OO02,OOZSJ49IT,OO,2.3
2022-06-12 00:12,NO10,NO7PTX63C,NO,4.2
2022-06-12 00:27,AM03,AMH9SDBDW,AM,2.2
2022-06-12 00:33,NO05,EGVWPVS7H,EG,3.25
2022-06-12 01:03,EG03,EGUT0CVS4,EG,1.2
2022-06-12 01:03,AM09,KOWM31YIH,KO,3.1
2022-06-12 01:03,NAO32,NORCBPLJD,NO,2.5
2022-06-12 01:04,NAO04,NAOP0J43D5,NAO,2.5
2022-06-12 01:14,AM09,AMH9SDBDW,AM,3.1
2022-06-12 01:19,OO10,EGSEIMVIH,EG,2.5
2022-06-12 01:35,EG29,AMH9SDBDW,AM,1.5
2022-06-12 02:54,OO10,OOQ0OXFQ8,OO,2.5
2022-06-12 03:27,NO10,KOIXA11DP,KO,4.2
2022-06-12 03:30,EG33,AMHJ7XVG0,AM,2.0
2022-06-12 04:05,OO04,NOXFGCAQV,NO,2.4
2022-06-12 04:35,MO03,MOJCKJLTE,MO,2.1
2022-06-12 04:48,EG25,NAOHL1N13J,NAO,1.8
2022-06-12 04:57,AM06,AMXAJI0Y6,AM,3.6
2022-06-12 05:25,NAO36,EGVWPVS7H,EG,2.5
2022-06-12 05:31,KO03,KOWM31YIH,KO,2.95
2022-06-12 06:01,KO09,KOIXA11DP,KO,2.05
2022-06-12 07:12,NAO08,NAO5ZJA8DZ,NAO,2.5
2022-06-12 07:21,MO05,MOJCKJLTE,MO,2.6
2022-06-12 07:58,EG15,NOXFGCAQV,NO,1.2
2022-06-12 08:11,NAO11,NAO5UQPGB7,NAO,2.5
2022-06-12 08:17,EG11,EGC11ERTJ,EG,0.5
2022-06-12 08:35,KO05,KOWM31YIH,KO,1.9
2022-06-12 08:38,NAO09,NOX6GVWRD,NO,2.5
2022-06-12 08:59,EG17,EG7UR23GD,EG,2.1
2022-06-12 09:06,AM02,AMV3A3ZMF,AM,2.0
2022-06-12 09:12,AM07,AMV3A3ZMF,AM,2.8
2022-06-12 09:12,NAO40,EGRHOCN9J,EG,2.5
2022-06-12 09:13,NAO03,NAOURTP0LZ,NAO,2.5
2022-06-12 09:32,NAO37,NAOLY8OZCY,NAO,2.5
2022-06-12 09:48,EG01,EGRHOCN9J,EG,3.0
2022-06-12 10:05,KO02,KOWM31YIH,KO,3.4
2022-06-12 10:46,OO04,OO3KKV9RF,OO,2.4
2022-06-12 11:16,NAO36,EGVWPVS7H,EG,2.5
2022-06-12 11:39,NAO02,KOIXA11DP,KO,2.5
2022-06-12 11:58,OO07,OO3KKV9RF,OO,1.9
2022-06-12 12:09,KO01,KONCXLL4Z,KO,3.4
2022-06-12 12:57,AM05,AMLJH75LX,AM,3.6
2022-06-12 13:01,NAO01,NAONSM43D8,NAO,2.5
2022-06-12 13:11,EG19,NORCBPLJD,NO,1.4
2022-06-12 13:17,EG37,EGF1T2TAL,EG,1.4
2022-06-12 13:21,EG10,NAO09SKDGI,NAO,0.9
2022-06-12 13:22,KO03,KONCXLL4Z,KO,2.95
2022-06-12 13:36,NAO27,NAO5UQPGB7,NAO,2.5
2022-06-12 14:15,NAO09,NAO5UQPGB7,NAO,2.5
2022-06-12 14:51,KO07,KOIXA11DP,KO,1.85
2022-06-12 14:57,EG21,AMH9SDBDW,AM,1.6
2022-06-12 15:55,NAO36,EGVWPVS7H,EG,2.5
2022-06-12 16:40,NAO23,NAONSM43D8,NAO,2.5
2022-06-12 17:00,EG02,EGUT0CVS4,EG,3.0
2022-06-12 17:04,EG26,KOWM31YIH,KO,1.8
2022-06-12 17:07,NO07,NO7PTX63C,NO,3.55
2022-06-12 17:15,AM01,AMHJ7XVG0,AM,2.0
2022-06-12 17:21,NAO07,NAO5ZJA8DZ,NAO,2.5
2022-06-12 17:23,MO05,MOV86WZS3,MO,2.6
2022-06-12 17:40,KO05,KOWM31YIH,KO,1.9
2022-06-12 17:47,NAO01,NAOLY8OZCY,NAO,2.5
2022-06-12 17:48,KO05,KOWKTAKPU,KO,1.9
2022-06-12 17:53,NO12,AMXAJI0Y6,AM,3.35
2022-06-12 18:01,EG36,EGF1T2TAL,EG,1.0
2022-06-12 18:16,NAO08,AMNT3W5UZ,AM,2.5
2022-06-12 18:16,KO09,KOWM31YIH,KO,2.05
2022-06-12 18:23,AM04,KOWKTAKPU,KO,2.2
2022-06-12 18:38,EG15,EGVWPVS7H,EG,1.2
2022-06-12 18:46,AM08,AMXAJI0Y6,AM,2.8
2022-06-12 18:52,NAO21,NAOHL1N13J,NAO,2.5
2022-06-12 18:52,EG25,NAOHL1N13J,NAO,1.8
2022-06-12 19:05,EG10,EGVWPVS7H,EG,0.9
2022-06-12 19:06,GE02,EGVWPVS7H,EG,14.7
2022-06-12 19:53,AM03,MOJCKJLTE,MO,2.2
2022-06-12 20:05,NO03,NORCBPLJD,NO,3.25
2022-06-12 20:14,AM02,EGRHOCN9J,EG,2.0
2022-06-12 20:38,NAO37,NAOHL1N13J,NAO,2.5
2022-06-12 20:39,NAO10,NAOLY8OZCY,NAO,2.5
2022-06-12 20:59,NAO01,NAOBMYOFQE,NAO,2.5
2022-06-12 21:00,NAO20,EG7UR23GD,EG,2.5
2022-06-12 22:00,EG20,EGIGQPKI7,EG,1.4
2022-06-12 22:15,KO04,KOWKTAKPU,KO,2.95
2022-06-12 22:38,OO08,AMNT3W5UZ,AM,1.9
2022-06-12 22:47,EG35,EGRHOCN9J,EG,1.0
2022-06-12 22:53,AM01,AMHJ7XVG0,AM,2.0
2022-06-12 22:57,NAO38,NAOHAFEYUH,NAO,2.5
2022-06-12 23:00,NO01,NO7PTX63C,NO,3.85
2022-06-12 23:15,AM05,KONCXLL4Z,KO,3.6
2022-06-12 23:56,OO05,OOZSJ49IT,OO,3.5
2022-06-13 00:10,AM05,AMV3A3ZMF,AM,3.6
2022-06-13 00:11,OO01,NORCBPLJD,NO,2.3
2022-06-13 00:40,GE01,NAOBMYOFQE,NAO,14.7
2022-06-13 01:05,EG26,EG7UR23GD,EG,1.8
2022-06-13 01:11,NO12,EG7UR23GD,EG,3.35
2022-06-13 01:35,NAO09,EGRHOCN9J,EG,2.5
2022-06-13 01:37,NAO20,NAO5UQPGB7,NAO,2.5
2022-06-13 01:37,AM01,NAOP0J43D5,NAO,2.0
2022-06-13 02:14,OO06,OOQ0OXFQ8,OO,3.5
2022-06-13 02:17,AM03,AMLJH75LX,AM,2.2
2022-06-13 02:38,NO05,NOX6GVWRD,NO,3.25
2022-06-13 02:38,KO03,KOIXA11DP,KO,2.95
2022-06-13 02:48,KO01,KOIXA11DP,KO,3.4
2022-06-13 03:11,OO10,EGSEIMVIH,EG,2.5
2022-06-13 03:13,KO02,EGIGQPKI7,EG,3.4
2022-06-13 03:20,NAO31,GEL6246HI,GE,2.5
2022-06-13 03:21,NAO39,NAOP0J43D5,NAO,2.5
2022-06-13 03:37,AM06,AMNT3W5UZ,AM,3.6
2022-06-13 03:46,EG10,EG9CHJ755,EG,0.9
2022-06-13 03:55,EG28,NAOBMYOFQE,NAO,1.4
2022-06-13 04:41,KO01,KOWKTAKPU,KO,3.4
2022-06-13 05:15,KO03,KOIXA11DP,KO,2.95
2022-06-13 05:18,OO02,OO3KKV9RF,OO,2.3
2022-06-13 05:25,NO05,KONCXLL4Z,KO,3.25
2022-06-13 05:40,NAO40,NAOHL1N13J,NAO,2.5
2022-06-13 05:47,EG29,EG7UR23GD,EG,1.5
2022-06-13 05:48,EG18,EGIGQPKI7,EG,2.1
2022-06-13 06:02,EG33,NOE1V2ISQ,NO,2.0
2022-06-13 06:07,OO07,OO7PZE9VI,OO,1.9
2022-06-13 06:49,NAO28,NAOHAFEYUH,NAO,2.5
2022-06-13 07:03,NAO19,EGYTJXEPQ,EG,2.5
2022-06-13 07:09,NAO21,NAO5UQPGB7,NAO,2.5
2022-06-13 07:14,OO08,MOJCKJLTE,MO,1.9
2022-06-13 07:40,EG38,AMLJH75LX,AM,1.4
2022-06-13 07:43,NAO01,NAOLY8OZCY,NAO,2.5
2022-06-13 07:54,KO02,EGIGQPKI7,EG,3.4
2022-06-13 08:01,NAO08,NAO5ZJA8DZ,NAO,2.5
2022-06-13 08:06,EG37,EGSEIMVIH,EG,1.4
2022-06-13 08:44,NAO10,AMV3A3ZMF,AM,2.5
2022-06-13 09:01,OO03,AMXAJI0Y6,AM,2.4
2022-06-13 09:20,MO10,EG9CHJ755,EG,2.7
2022-06-13 09:21,EG20,EGSEIMVIH,EG,1.4
2022-06-13 09:23,EG36,EGF1T2TAL,EG,1.0
2022-06-13 09:28,NO10,NOXFGCAQV,NO,4.2
2022-06-13 09:30,NAO18,KONCXLL4Z,KO,2.5
2022-06-13 09:43,EG18,EGC11ERTJ,EG,2.1
2022-06-13 10:13,NAO25,NAOHL1N13J,NAO,2.5
2022-06-13 10:20,NAO22,NAOLY8OZCY,NAO,2.5
2022-06-13 10:25,EG08,EGVWPVS7H,EG,1.8
2022-06-13 10:26,NAO41,NAOP0J43D5,NAO,2.5
2022-06-13 11:30,AM07,NAOP0J43D5,NAO,2.8
2022-06-13 11:46,AM07,AMV3A3ZMF,AM,2.8
2022-06-13 12:17,GE01,GEX7EEDTJ,GE,14.7
2022-06-13 12:20,NAO23,EG9CHJ755,EG,2.5
2022-06-13 13:02,EG08,EG7UR23GD,EG,1.8
2022-06-13 13:26,EG34,NAOBMYOFQE,NAO,2.0
2022-06-13 13:53,NAO12,NAO09SKDGI,NAO,2.5
2022-06-13 13:56,AM06,AMH9SDBDW,AM,3.6
2022-06-13 14:13,MO08,MOJCKJLTE,MO,3.15
2022-06-13 14:36,NO11,NOXFGCAQV,NO,3.35
2022-06-13 14:36,NO13,NO7PTX63C,NO,4.15
2022-06-13 14:41,KO07,KOWKTAKPU,KO,1.85
2022-06-13 15:00,OO03,NAOVZ41NAM,NAO,2.4
2022-06-13 15:12,NAO28,NAONSM43D8,NAO,2.5
2022-06-13 15:13,OO07,OOQ0OXFQ8,OO,1.9
2022-06-13 15:16,NO06,NOX6GVWRD,NO,3.25
2022-06-13 15:24,EG33,AMHJ7XVG0,AM,2.0
2022-06-13 15:26,NO10,OO1B0Z3NX,OO,4.2
2022-06-13 15:41,NO10,NOQLL8OS9,NO,4.2
2022-06-13 15:49,EG03,EG7UR23GD,EG,1.2
2022-06-13 15:56,EG33,EGIGQPKI7,EG,2.0
2022-06-13 16:10,NO11,NOXFGCAQV,NO,3.35
2022-06-13 16:14,EG07,EG7UR23GD,EG,1.8
2022-06-13 16:56,NAO09,KOJDP0LVS,KO,2.5
2022-06-13 17:19,EG11,EGC11ERTJ,EG,0.5
2022-06-13 17:32,NAO29,OO3KKV9RF,OO,2.5
2022-06-13 17:36,OO03,NAOLY8OZCY,NAO,2.4
2022-06-13 18:00,KO10,KOIXA11DP,KO,2.05
2022-06-13 18:15,OO03,OO3KKV9RF,OO,2.4
2022-06-13 19:59,EG21,AMXAJI0Y6,AM,1.6
2022-06-13 20:11,EG05,EGIGQPKI7,EG,1.7
2022-06-13 20:32,EG06,KOWKTAKPU,KO,1.7
2022-06-13 20:36,AM06,AMLJH75LX,AM,3.6
2022-06-13 21:53,KO05,KOWM31YIH,KO,1.9
2022-06-13 22:19,OO10,OO7PZE9VI,OO,2.5
2022-06-13 22:38,OO08,OO3KKV9RF,OO,1.9
2022-06-13 22:53,EG10,EGIGQPKI7,EG,0.9
2022-06-13 23:22,NAO32,NAOHL1N13J,NAO,2.5
2022-06-14 00:17,EG13,KONCXLL4Z,KO,1.2
2022-06-14 00:49,NAO39,NAOURTP0LZ,NAO,2.5
2022-06-14 01:03,EG15,EGF1T2TAL,EG,1.2
2022-06-14 01:08,EG38,EG7UR23GD,EG,1.4
2022-06-14 01:27,NAO05,EGUT0CVS4,EG,2.5
2022-06-14 01:35,EG33,EGRHOCN9J,EG,2.0
2022-06-14 02:00,NAO06,NAOLY8OZCY,NAO,2.5
2022-06-14 02:08,NO03,AMXAJI0Y6,AM,3.25
2022-06-14 02:16,NAO03,KOJDP0LVS,KO,2.5
2022-06-14 02:36,NAO31,NAOURTP0LZ,NAO,2.5
2022-06-14 02:40,NAO03,NAOLY8OZCY,NAO,2.5
2022-06-14 03:20,EG28,EGIGQPKI7,EG,1.4
2022-06-14 03:22,NAO03,NAOURTP0LZ,NAO,2.5
2022-06-14 03:45,NAO32,NAOLY8OZCY,NAO,2.5
2022-06-14 03:55,EG22,NAO5UQPGB7,NAO,1.6
2022-06-14 04:04,KO09,EGIGQPKI7,EG,2.05
2022-06-14 04:12,EG10,EGIGQPKI7,EG,0.9
2022-06-14 04:16,AM02,AMXAJI0Y6,AM,2.0
2022-06-14 04:20,KO09,EGUT0CVS4,EG,2.05
2022-06-14 04:30,NAO26,EGF1T2TAL,EG,2.5
2022-06-14 04:32,NO06,EGRHOCN9J,EG,3.25
2022-06-14 05:28,NAO08,NAOURTP0LZ,NAO,2.5
2022-06-14 06:23,NAO27,OOQ0OXFQ8,OO,2.5
2022-06-14 06:28,NO09,EG7UR23GD,EG,4.2
2022-06-14 06:48,NAO30,NAO5ZJA8DZ,NAO,2.5
2022-06-14 06:58,AM07,AMV3A3ZMF,AM,2.8
2022-06-14 07:01,OO09,NAOURTP0LZ,NAO,2.5
2022-06-14 07:04,NAO06,NOQLL8OS9,NO,2.5
2022-06-14 08:13,NAO05,NAOLY8OZCY,NAO,2.5
2022-06-14 08:29,AM05,AMLJH75LX,AM,3.6
2022-06-14 09:07,AM08,AMHJ7XVG0,AM,2.8
2022-06-14 09:25,OO08,AMNT3W5UZ,AM,1.9
2022-06-14 09:59,NAO19,EGYTJXEPQ,EG,2.5
2022-06-14 10:09,NAO27,OOQ0OXFQ8,OO,2.5
2022-06-14 10:25,KO07,KOJDP0LVS,KO,1.85
2022-06-14 10:33,NAO22,NAOHL1N13J,NAO,2.5
2022-06-14 10:50,EG05,EGIGQPKI7,EG,1.7
2022-06-14 11:09,EG26,KOWM31YIH,KO,1.8
2022-06-14 11:50,NO06,GE5A0L725,GE,3.25
2022-06-14 12:43,NAO35,NAO09SKDGI,NAO,2.5
2022-06-14 12:44,OO08,OOZSJ49IT,OO,1.9
2022-06-14 12:49,NAO05,NAO5ZJA8DZ,NAO,2.5
2022-06-14 14:01,AM09,KOWM31YIH,KO,3.1
2022-06-14 14:27,NO12,NOX6GVWRD,NO,3.35
2022-06-14 14:43,MO09,MOJCKJLTE,MO,2.7
2022-06-14 14:55,KO04,KONCXLL4Z,KO,2.95
2022-06-14 14:58,EG33,EGVWPVS7H,EG,2.0
2022-06-14 15:08,NO06,NOX6GVWRD,NO,3.25
2022-06-14 15:12,EG02,EGVWPVS7H,EG,3.0
2022-06-14 15:35,NO10,OOQ0OXFQ8,OO,4.2
2022-06-14 15:35,NAO14,NAONSM43D8,NAO,2.5
2022-06-14 16:22,NAO09,NOX6GVWRD,NO,2.5
2022-06-14 17:28,NAO39,NAOP0J43D5,NAO,2.5
2022-06-14 17:45,OO03,KOWM31YIH,KO,2.4
2022-06-14 18:21,EG09,AMXAJI0Y6,AM,0.9
2022-06-14 18:27,NAO16,EGIGQPKI7,EG,2.5
2022-06-14 18:31,NO14,NO7PTX63C,NO,4.15
2022-06-14 19:38,EG16,EGYTJXEPQ,EG,1.2
2022-06-14 19:51,OO03,OOZSJ49IT,OO,2.4
2022-06-14 19:53,EG10,EGIGQPKI7,EG,0.9
2022-06-14 20:02,NO02,NOXFGCAQV,NO,3.85
2022-06-14 21:12,OO04,OOZSJ49IT,OO,2.4
2022-06-14 21:35,NAO14,NAOHAFEYUH,NAO,2.5
2022-06-14 21:35,OO02,OO3KKV9RF,OO,2.3
2022-06-14 21:48,OO09,OO1B0Z3NX,OO,2.5
2022-06-14 21:54,EG19,NORCBPLJD,NO,1.4
2022-06-14 22:03,NAO30,NAOBMYOFQE,NAO,2.5
2022-06-14 22:09,NAO23,EG9CHJ755,EG,2.5
2022-06-14 22:11,EG20,EGIGQPKI7,EG,1.4
2022-06-14 22:16,NO07,AMV3A3ZMF,AM,3.55
2022-06-14 22:49,KO04,KONCXLL4Z,KO,2.95
2022-06-14 23:08,NAO35,NAOBMYOFQE,NAO,2.5
2022-06-14 23:22,NAO39,NAOP0J43D5,NAO,2.5
2022-06-14 23:28,AM02,AMH9SDBDW,AM,2.0
2022-06-15 00:09,OO06,KOIXA11DP,KO,3.5
2022-06-15 00:39,KO10,KOJDP0LVS,KO,2.05
2022-06-15 02:10,NAO31,GEL6246HI,GE,2.5
2022-06-15 02:15,OO06,NO7PTX63C,NO,3.5
2022-06-15 02:23,AM09,NOQLL8OS9,NO,3.1
2022-06-15 02:46,EG32,NAOBMYOFQE,NAO,1.4
2022-06-15 02:49,MO04,MOJCKJLTE,MO,2.1
2022-06-15 03:05,OO06,OO3KKV9RF,OO,3.5
2022-06-15 03:20,AM10,AMXAJI0Y6,AM,3.1
2022-06-15 03:45,AM08,KOIXA11DP,KO,2.8
2022-06-15 03:46,NAO25,NAO09SKDGI,NAO,2.5
2022-06-15 04:39,MO06,MOV86WZS3,MO,2.6
2022-06-15 05:11,EG18,EGC11ERTJ,EG,2.1
2022-06-15 05:48,NO12,NOQLL8OS9,NO,3.35
2022-06-15 06:04,KO02,NAOVZ41NAM,NAO,3.4
2022-06-15 06:25,OO04,OO3KKV9RF,OO,2.4
2022-06-15 06:53,EG07,EGSEIMVIH,EG,1.8
2022-06-15 07:08,AM01,EG7UR23GD,EG,2.0
2022-06-15 07:37,OO10,AMLJH75LX,AM,2.5
2022-06-15 08:33,OO05,OO1B0Z3NX,OO,3.5
2022-06-15 09:22,NAO39,NAOURTP0LZ,NAO,2.5
2022-06-15 10:05,NAO23,NAOHL1N13J,NAO,2.5
2022-06-15 10:15,EG06,EGIGQPKI7,EG,1.7
2022-06-15 10:21,EG32,EGF1T2TAL,EG,1.4
2022-06-15 10:32,NAO19,EGYTJXEPQ,EG,2.5
2022-06-15 10:53,AM10,AMHJ7XVG0,AM,3.1
2022-06-15 11:23,AM01,AMH9SDBDW,AM,2.0
2022-06-15 11:43,NO06,NORCBPLJD,NO,3.25
2022-06-15 11:55,NAO21,EGIGQPKI7,EG,2.5
2022-06-15 12:09,EG06,NAOBMYOFQE,NAO,1.7
2022-06-15 12:14,OO04,OOQ0OXFQ8,OO,2.4
2022-06-15 12:33,EG11,OO1B0Z3NX,OO,0.5
2022-06-15 12:34,NAO13,NAOP0J43D5,NAO,2.5
2022-06-15 12:48,EG12,NAOP0J43D5,NAO,0.5
2022-06-15 12:58,NAO37,NAOBMYOFQE,NAO,2.5
2022-06-15 13:34,NAO15,NOE1V2ISQ,NO,2.5
2022-06-15 14:01,NO05,NORCBPLJD,NO,3.25
2022-06-15 14:10,AM05,AMLJH75LX,AM,3.6
2022-06-15 14:14,NAO37,NAO09SKDGI,NAO,2.5
2022-06-15 14:35,KO03,KONCXLL4Z,KO,2.95
2022-06-15 14:45,OO07,OO3KKV9RF,OO,1.9
2022-06-15 14:56,EG30,EGUT0CVS4,EG,1.5
2022-06-15 15:05,NAO08,NAOHL1N13J,NAO,2.5
2022-06-15 15:43,NO06,AMHJ7XVG0,AM,3.25
2022-06-15 16:47,NAO24,AMLJH75LX,AM,2.5
2022-06-15 16:59,OO10,OOQ0OXFQ8,OO,2.5
2022-06-15 17:20,NAO09,NAO5UQPGB7,NAO,2.5
2022-06-15 18:15,NAO35,NAO5ZJA8DZ,NAO,2.5
2022-06-15 18:29,NAO03,NAOLY8OZCY,NAO,2.5
2022-06-15 20:18,NO05,EGVWPVS7H,EG,3.25
2022-06-15 20:45,NO05,KOWKTAKPU,KO,3.25
2022-06-15 20:47,NAO10,NAOLY8OZCY,NAO,2.5
2022-06-15 21:09,EG33,EGRHOCN9J,EG,2.0
2022-06-15 21:12,NO06,NOX6GVWRD,NO,3.25
2022-06-15 21:22,NAO19,NAOHAFEYUH,NAO,2.5
2022-06-15 21:30,MO02,NAOHL1N13J,NAO,1.35
2022-06-15 21:52,OO02,NOQLL8OS9,NO,2.3
2022-06-15 22:16,AM06,AMHJ7XVG0,AM,3.6
2022-06-15 22:44,NAO28,NOE1V2ISQ,NO,2.5
2022-06-15 23:00,AM04,AMNT3W5UZ,AM,2.2
2022-06-15 23:18,NAO02,NAOP0J43D5,NAO,2.5
2022-06-15 23:20,OO03,OO7PZE9VI,OO,2.4
2022-06-15 23:43,NO05,EGYTJXEPQ,EG,3.25
2022-06-15 23:46,OO10,OOQ0OXFQ8,OO,2.5
2022-06-16 00:11,AM09,NOQLL8OS9,NO,3.1
2022-06-16 00:30,NO13,NOE1V2ISQ,NO,4.15
2022-06-16 00:46,NAO41,NAO09SKDGI,NAO,2.5
2022-06-16 00:59,MO03,MOJCKJLTE,MO,2.1
2022-06-16 01:39,NAO30,NAONSM43D8,NAO,2.5
2022-06-16 01:43,MO05,MOV86WZS3,MO,2.6
2022-06-16 01:54,NAO10,AMV3A3ZMF,AM,2.5
2022-06-16 02:13,NO10,KOWKTAKPU,KO,4.2
2022-06-16 02:33,NAO23,EG9CHJ755,EG,2.5
2022-06-16 02:46,EG20,EGIGQPKI7,EG,1.4
2022-06-16 03:29,EG09,AMXAJI0Y6,AM,0.9
2022-06-16 03:32,NAO14,NAOHAFEYUH,NAO,2.5
2022-06-16 03:49,AM06,AMLJH75LX,AM,3.6
2022-06-16 04:32,OO06,MOJCKJLTE,MO,3.5
2022-06-16 04:34,EG23,EG7UR23GD,EG,1.4
2022-06-16 04:42,NAO16,NAOHL1N13J,NAO,2.5
2022-06-16 05:04,AM07,NAO5UQPGB7,NAO,2.8
2022-06-16 05:39,AM06,AMNT3W5UZ,AM,3.6
2022-06-16 06:20,KO01,KONCXLL4Z,KO,3.4
2022-06-16 06:30,NAO20,NAO5UQPGB7,NAO,2.5
2022-06-16 06:40,EG29,EG7UR23GD,EG,1.5
2022-06-16 07:26,NO11,NOXFGCAQV,NO,3.35
2022-06-16 07:36,NO10,NOQLL8OS9,NO,4.2
2022-06-16 07:44,EG19,NORCBPLJD,NO,1.4
2022-06-16 07:47,OO02,OO1B0Z3NX,OO,2.3
2022-06-16 07:50,EG18,KOIXA11DP,KO,2.1
2022-06-16 08:43,KO01,KOIXA11DP,KO,3.4
2022-06-16 08:53,NO11,NOXFGCAQV,NO,3.35
2022-06-16 11:01,KO07,KONCXLL4Z,KO,1.85
2022-06-16 11:10,AM05,KONCXLL4Z,KO,3.6
2022-06-16 11:11,EG25,MOV86WZS3,MO,1.8
2022-06-16 12:06,NAO28,NAONSM43D8,NAO,2.5
2022-06-16 12:15,NAO15,KOWKTAKPU,KO,2.5
2022-06-16 12:19,OO01,OOZSJ49IT,OO,2.3
2022-06-16 12:26,KO08,KOIXA11DP,KO,1.85
2022-06-16 12:26,NAO40,NAOHL1N13J,NAO,2.5
2022-06-16 13:00,EG19,EG9CHJ755,EG,1.4
2022-06-16 13:01,KO03,KOIXA11DP,KO,2.95
2022-06-16 13:43,NAO32,NAOLY8OZCY,NAO,2.5
2022-06-16 14:32,NO04,KOIXA11DP,KO,3.25
2022-06-16 14:33,NO11,NOXFGCAQV,NO,3.35
2022-06-16 14:44,OO02,NAOP0J43D5,NAO,2.3
2022-06-16 16:24,MO05,MOJCKJLTE,MO,2.6
2022-06-16 16:25,NAO39,NAOP0J43D5,NAO,2.5
2022-06-16 16:53,NAO09,EGRHOCN9J,EG,2.5
2022-06-16 17:29,EG17,EGYTJXEPQ,EG,2.1
2022-06-16 18:02,KO05,KOWM31YIH,KO,1.9
2022-06-16 18:03,MO03,MOV86WZS3,MO,2.1
2022-06-16 18:18,EG29,EGC11ERTJ,EG,1.5
2022-06-16 18:31,AM06,NOXFGCAQV,NO,3.6
2022-06-16 18:34,MO11,EGC11ERTJ,EG,2.05
2022-06-16 18:35,EG04,OOZSJ49IT,OO,1.2
2022-06-16 19:00,NAO12,NAOHL1N13J,NAO,2.5
2022-06-16 19:15,NO06,NOXFGCAQV,NO,3.25
2022-06-16 19:28,NAO11,NAO09SKDGI,NAO,2.5
2022-06-16 19:28,EG15,EGVWPVS7H,EG,1.2
2022-06-16 20:41,EG33,EGRHOCN9J,EG,2.0
2022-06-16 21:10,AM01,EG7UR23GD,EG,2.0
2022-06-16 21:13,GE02,GE5A0L725,GE,14.7
2022-06-16 21:15,OO10,OO1B0Z3NX,OO,2.5
2022-06-16 21:31,AM04,EGVWPVS7H,EG,2.2
2022-06-16 22:11,NO09,NORCBPLJD,NO,4.2
2022-06-16 22:48,NO02,NAOLY8OZCY,NAO,3.85
2022-06-16 23:12,NAO38,NAO5ZJA8DZ,NAO,2.5
2022-06-16 23:33,NAO12,NAOBMYOFQE,NAO,2.5
2022-06-16 23:47,EG33,AMHJ7XVG0,AM,2.0
2022-06-17 00:04,NAO24,AMLJH75LX,AM,2.5
2022-06-17 00:07,NO07,NOQLL8OS9,NO,3.55
2022-06-17 00:11,NAO32,NAOHL1N13J,NAO,2.5
2022-06-17 00:19,KO09,KOWM31YIH,KO,2.05
2022-06-17 00:42,KO08,KONCXLL4Z,KO,1.85
2022-06-17 00:42,KO06,AMHJ7XVG0,AM,1.9
2022-06-17 00:44,NO10,NO7PTX63C,NO,4.2
2022-06-17 00:47,EG02,EGUT0CVS4,EG,3.0
2022-06-17 01:04,NO10,KOWKTAKPU,KO,4.2
2022-06-17 01:14,OO10,AMLJH75LX,AM,2.5
2022-06-17 01:24,KO09,KOJDP0LVS,KO,2.05
2022-06-17 01:45,AM10,NAO5ZJA8DZ,NAO,3.1
2022-06-17 01:56,MO06,MOJCKJLTE,MO,2.6
2022-06-17 02:15,EG24,EGYTJXEPQ,EG,1.4
2022-06-17 02:45,EG02,EGIGQPKI7,EG,3.0
2022-06-17 02:46,AM05,NAOURTP0LZ,NAO,3.6
2022-06-17 03:31,KO10,OO1B0Z3NX,OO,2.05
2022-06-17 03:53,KO04,KOIXA11DP,KO,2.95
2022-06-17 04:20,OO10,EGSEIMVIH,EG,2.5
2022-06-17 04:28,KO09,KOWM31YIH,KO,2.05
2022-06-17 04:34,OO07,OO7PZE9VI,OO,1.9
2022-06-17 04:51,AM08,AMXAJI0Y6,AM,2.8
2022-06-17 05:53,NAO24,NAOHL1N13J,NAO,2.5
2022-06-17 05:55,NO10,AMV3A3ZMF,AM,4.2
2022-06-17 06:29,GE02,GE2IAGL58,GE,14.7
2022-06-17 06:54,KO03,KOWKTAKPU,KO,2.95
2022-06-17 07:36,AM06,KOIXA11DP,KO,3.6
2022-06-17 08:07,KO07,EGC11ERTJ,EG,1.85
2022-06-17 08:17,KO09,KOWM31YIH,KO,2.05
2022-06-17 08:17,NO10,NOXFGCAQV,NO,4.2
2022-06-17 08:32,NAO32,NORCBPLJD,NO,2.5
2022-06-17 09:06,EG24,EGYTJXEPQ,EG,1.4
2022-06-17 09:11,OO04,OOZSJ49IT,OO,2.4
2022-06-17 09:20,GE02,GEX7EEDTJ,GE,14.7
2022-06-17 09:34,EG13,EGUT0CVS4,EG,1.2
2022-06-17 09:45,NAO23,NAO09SKDGI,NAO,2.5
2022-06-17 10:12,NAO41,NAOP0J43D5,NAO,2.5
2022-06-17 10:53,NAO40,NAOP0J43D5,NAO,2.5
2022-06-17 11:16,NAO10,EGSEIMVIH,EG,2.5
2022-06-17 11:21,EG29,EG7UR23GD,EG,1.5
2022-06-17 12:12,NO13,EGIGQPKI7,EG,4.15
2022-06-17 12:42,NAO07,NAO09SKDGI,NAO,2.5
2022-06-17 12:56,MO06,MOJCKJLTE,MO,2.6
2022-06-17 13:03,NO02,NAOLY8OZCY,NAO,3.85
2022-06-17 13:16,AM09,NAO09SKDGI,NAO,3.1
2022-06-17 13:35,EG09,AMXAJI0Y6,AM,0.9
